 [
  {
  "file_id": "10001",
  "mp4_url": "https://vd1.bdstatic.com/mda-hiqmm8s10vww26sx/mda-hiqmm8s10vww26sx.mp4?playlist=%5B%22hd%22%5D&auth_key=1506158514-0-0-6cde713ec6e6a15bd856fbb4f2564658&bcevod_channel=searchbox_feed",
  "cover": "http://boscdn.bpc.baidu.com/v1/mediaspot/fa6bb8d492a2480036514b7ab54e18e7.jpeg",
  "title": "1000度的钢丝网和彩色黏土",
  "ptime": "2017",
  "videosource": "测试视频"
  },
  {
    "file_id": "10002",
  "mp4_url": "https://vd1.bdstatic.com/mda-hez17qvhyauh9ybf/mda-hez17qvhyauh9ybf.mp4?auth_key=1506158741-0-0-d0a39ee4b472f0af492fed6d20396697&bcevod_channel=searchbox_feed",
  "cover": "http://boscdn.bpc.baidu.com/v1/mediaspot/fa6bb8d492a2480036514b7ab54e18e7.jpeg",
  "title": "亲子颜色学习",
  "ptime": "2017",
  "videosource": "测试视频"
  },
  {
    "file_id": "10003",
  "mp4_url": "https://vd1.bdstatic.com/mda-hiwgyhhpzdscwkyu/mda-hiwgyhhpzdscwkyu.mp4?playlist=%5B%22hd%22%5D&auth_key=1506159218-0-0-02860d7d3bad11758b123c96aa7271ec&bcevod_channel=searchbox_feed",
  "cover": "http://boscdn.bpc.baidu.com/v1/mediaspot/8b7ee815c80dc50c62aa702c1050a07b.png",
  "title": "赵丽颖",
  "ptime": "2017",
  "videosource": "测试视频"
  },
  {
    "file_id": "10004",
  "mp4_url": "http://vd1.bdstatic.com/mda-hifgbu4tm1a1qzeu/mda-hifgbu4tm1a1qzeu.mp4?playlist=%5B%22hd%22%2C%22sc%22%5D&auth_key=1506244843-0-0-ecdd91d0d43be82b39bfb7ec3419e6b3&bcevod_channel=pae_search",
  "cover": "http://cdn01.baidu-img.cn/timg?wisealaddin&size=f185_125&quality=80&sec=1506158531&di=7fa1950c703d972a57c1b8d55d86b6af&src=http%3A%2F%2Fbos.nj.bpc.baidu.com%2Fv1%2Fmediaspot%2Fa766f06fc409f12a0584a3e4848fed93.png",
  "title": "牛人易拉罐发动机",
  "ptime": "2017",
  "videosource": "测试视频"
  },
  {
  "mp4_url": "http://vd1.bdstatic.com/mda-hhmf74humzsjh5vu/mda-hhmf74humzsjh5vu.mp4?playlist=%5B%22hd%22%5D&auth_key=1506244931-0-0-e44269ae5ad22c5727c790735a4493dc&bcevod_channel=pae_search",
  "cover": "http://cdn01.baidu-img.cn/timg?wisealaddin&size=f414_233&quality=80&sec=1506158531&di=86e9ef01bdc3d892bf7508002fa2da10&src=http%3A%2F%2Fboscdn.bpc.baidu.com%2Fv1%2Fmediaspot%2Fb3cc2d9b570b0d279f28d68c681661f3.png",
  "title": "黑科技易拉罐发动机",
  "ptime": "2017",
  "videosource": "测试视频"
  },
  {
  "mp4_url": "http://vd1.bdstatic.com/mda-hippg2tb6m76yzn5/mda-hippg2tb6m76yzn5.mp4?playlist=%5B%22hd%22%2C%22sc%22%5D&auth_key=1506245036-0-0-ad4426cc88fef724b489fd33f2346aef&bcevod_channel=pae_search",
  "cover": "http://cdn01.baidu-img.cn/timg?wisealaddin&size=f185_125&quality=80&sec=1506158700&di=d1350b1e93b177385677c46ef59b3883&src=http%3A%2F%2Fpic.rmb.bdstatic.com%2Fvod_72b3a091d55f8adc30854f94c44898d5.jpg",
  "title": "摩托车发动机",
  "ptime": "2017",
  "videosource": "测试视频"
  },
  {
  "mp4_url": "http://vd1.bdstatic.com/mda-hhbh2uf27n6a060c/mda-hhbh2uf27n6a060c.mp4?playlist=%5B%22hd%22%5D&auth_key=1506245100-0-0-6c6524317d829e486630aa35da9df353&bcevod_channel=pae_search",
  "cover": "http://cdn01.baidu-img.cn/timg?wisealaddin&size=f185_125&quality=80&sec=1506158700&di=d2769eefab28c3ea84327e167a713326&src=http%3A%2F%2Fpic.rmb.bdstatic.com%2F1365927fd049c6d4784c441b2b29c9b8.jpg",
  "title": "学生野外捡发动机",
  "ptime": "2017",
  "videosource": "测试视频"
  },
  {
  "mp4_url": "http://vd1.bdstatic.com/mda-hirsd45wk2zkeder/mda-hirsd45wk2zkeder.mp4?playlist=%5B%22hd%22%5D&auth_key=1506245547-0-0-3de0aa3b920536e751b8c2e21b8f449f&bcevod_channel=pae_search",
  "cover": "http://cdn01.baidu-img.cn/timg?wisealaddin&size=f185_125&quality=80&sec=1506159044&di=b15c6720bb597a89bbe17b4c0dbfc6f1&src=http%3A%2F%2Fpic.rmb.bdstatic.com%2Fmda-hiqfs2cxi47zn6sz.jpg",
  "title": "12万",
  "ptime": "2017",
  "videosource": "测试视频"
  },
  {
  "mp4_url": "http://vd1.bdstatic.com/mda-hihm59tq2dpzsai2/mda-hihm59tq2dpzsai2.mp4?playlist=%5B%22hd%22%5D&auth_key=1506245685-0-0-66217496c6306e00677b6b7f511581de&bcevod_channel=pae_search",
  "cover": "http://cdn01.baidu-img.cn/timg?wisealaddin&size=f185_125&quality=80&sec=1506159044&di=b15c6720bb597a89bbe17b4c0dbfc6f1&src=http%3A%2F%2Fpic.rmb.bdstatic.com%2Fmda-hiqfs2cxi47zn6sz.jpg",
  "title": "12万测试视频",
  "ptime": "2017",
  "videosource": "测试视频"
  },
  {
  "mp4_url": "http://vd1.bdstatic.com/mda-hd0tzu0gfwgcx5rr/mda-hd0tzu0gfwgcx5rr.mp4?playlist=%5B%22hd%22%2C%22sc%22%5D&auth_key=1506245859-0-0-29f6ba3f0df614f61fe6f63093378ac5&bcevod_channel=pae_search",
  "cover": "https://ss0.bdstatic.com/9bA1vGfa2gU2pMbfm9GUKT-w/timg?wisealaddin&size=f160_120&quality=80&sec=1506159411&di=8b515e094171a9c83ccd6bf52444e7e6&src=http%3A%2F%2Fpuui.qpic.cn%2Fqqvideo_ori%2F0%2Fi0551wu0q3a_496_280%2F0",
  "title": "两个小家伙",
  "ptime": "2017",
  "videosource": "测试视频"
  },
  {
  "mp4_url": "http://vd1.bdstatic.com/mda-hig01fitvbhmne29/mda-hig01fitvbhmne29.mp4?playlist=%5B%22hd%22%2C%22sc%22%5D&auth_key=1506245874-0-0-55657c86fa3761c70e20b387a9484086&bcevod_channel=pae_search",
  "cover": "http://cdn01.baidu-img.cn/timg?wisealaddin&size=f185_125&quality=80&sec=1506159581&di=3308dc12f9ff0c6c4115afabe6974546&src=http%3A%2F%2Fpic.rmb.bdstatic.com%2Fc64c6a2ea9e3fcf68ea05bb293a96caa.jpg",
  "title": "两个夜华搞笑",
  "ptime": "2017",
  "videosource": "测试视频"
  },
  {
  "mp4_url": "http://vd1.bdstatic.com/mda-hiti1y2h7ujkruk7/mda-hiti1y2h7ujkruk7.mp4?playlist=%5B%22hd%22%5D&auth_key=1506245981-0-0-8df55a1752262f8ca985389c69687bc5&bcevod_channel=pae_search",
  "cover": "http://cdn01.baidu-img.cn/timg?wisealaddin&size=f185_125&quality=80&sec=1506159636&di=5227017ed04c227b0f22130f3f6c26d2&src=http%3A%2F%2Fboscdn.bpc.baidu.com%2Fv1%2Fmediaspot%2Fa753ad0ed04eafb0f5ecff61c42df64c.png",
  "title": "三叔，白浅上神",
  "ptime": "2017",
  "videosource": "测试视频"
  },
  {
  "mp4_url": "http://vd1.bdstatic.com/mda-hc6mrcmk0s5ej4ed/mda-hc6mrcmk0s5ej4ed.mp4?playlist=%5B%22hd%22%2C%22sc%22%5D&auth_key=1506246036-0-0-2afa15ce89cfe65b0dcfe5cbcc91ab3f&bcevod_channel=pae_search",
  "cover": "http://cdn01.baidu-img.cn/timg?wisealaddin&size=f185_125&quality=80&sec=1506159636&di=0c811bc83cab8db42d6ca5391f776182&src=http%3A%2F%2Fpic.rmb.bdstatic.com%2F25f6c5d1e4aea512a68543a5fbe6b903.jpg",
  "title": "白浅说的这番话绝了",
  "ptime": "2017",
  "videosource": "测试视频"
  },
  {
  "mp4_url": "http://vd1.bdstatic.com/mda-hhztvi8vq14feyvn/mda-hhztvi8vq14feyvn.mp4?playlist=%5B%22hd%22%5D&auth_key=1506246097-0-0-6505e29c0fe37fdebcf061e016d05020&bcevod_channel=pae_search",
  "cover": "http://cdn01.baidu-img.cn/timg?wisealaddin&size=f185_125&quality=80&sec=1506159761&di=f195f713cbf14bfd5f308277db64327b&src=http%3A%2F%2Fboscdn.bpc.baidu.com%2Fv1%2Fmediaspot%2Fec309e972415220fe3d51450dd3c7464.png",
  "title": "tfboys",
  "ptime": "2017",
  "videosource": "测试视频"
  },
  {
  "mp4_url": "https://vd1.bdstatic.com/mda-hekxfmvyjyh6ju0m/mda-hekxfmvyjyh6ju0m.mp4?playlist=%5B%22hd%22%2C%22sc%22%5D&auth_key=1506158510-0-0-2843ff6bdc744d9f7f96ae0ca91bbee1&bcevod_channel=searchbox_feed",
  "cover": "http://vimg2.ws.126.net/image/snapshot/2017/6/L/H/VCLCVPLLH.jpg",
  "title": "1000度的钢丝网和彩色黏土",
  "ptime": "2017",
  "videosource": "测试视频"
  }
  ]
